period,day,mean_car_pct,ci_lo_pct,ci_hi_pct,n_events
all_2005_2026,1,0.12724263221919405,0.01277145601446635,0.2341128563253568,14769
all_2005_2026,2,0.1491602366666835,-0.009323291762242282,0.30267554556392307,14769
all_2005_2026,3,0.1511617183269498,-0.04201131899238331,0.3338705422970627,14769
all_2005_2026,4,0.0983671460556786,-0.1141930228027581,0.3011766525862078,14769
all_2005_2026,5,0.0729723168013264,-0.17135527327241093,0.300107814125993,14769
all_2005_2026,6,0.048346163915682916,-0.22038995800313554,0.3015003091137886,14769
all_2005_2026,7,0.09736586743758073,-0.20918990552684602,0.3870501849124138,14769
all_2005_2026,8,0.11691258827847384,-0.22115434983175156,0.43565383098697213,14769
all_2005_2026,9,0.05785165752830187,-0.3042094894936372,0.4018517567354673,14769
all_2005_2026,10,0.013159925607221507,-0.3692435703576011,0.3817133021838003,14769
all_2005_2026,11,0.03118093916347627,-0.3846030191823699,0.4262562570053745,14769
all_2005_2026,12,0.08554637547622439,-0.35227449311567977,0.5143631937501474,14769
all_2005_2026,13,0.15083827279454182,-0.319278707893012,0.6149286277103828,14769
all_2005_2026,14,0.15335727630036763,-0.353419081936955,0.6442645090254838,14769
all_2005_2026,15,0.1809284624356265,-0.33980569912127295,0.6892116079490739,14769
all_2005_2026,16,0.21504195256684508,-0.3377999049149693,0.7501530333291736,14769
all_2005_2026,17,0.2581593949470476,-0.317917890922894,0.8171089900069166,14769
all_2005_2026,18,0.28773684567172175,-0.30577482958385244,0.8621244928057807,14769
all_2005_2026,19,0.3254677879320134,-0.30244606925060885,0.9411909580246594,14769
all_2005_2026,20,0.3490842441313762,-0.29672778183306486,0.9787878565750857,14769
all_2005_2026,21,0.3363596126393901,-0.32627218888392157,0.9927167735382008,14769
all_2005_2026,22,0.41765384196212896,-0.2606733810551609,1.086875124127124,14769
all_2005_2026,23,0.48775233045336536,-0.21399407632547554,1.1896834497773625,14769
all_2005_2026,24,0.4554817622865158,-0.282793404161121,1.1805977943872856,14769
all_2005_2026,25,0.4093955770655559,-0.367854695931933,1.1682259601289324,14769
all_2005_2026,26,0.4353984742155244,-0.35940300459316477,1.2170633598608849,14769
all_2005_2026,27,0.449571097947491,-0.36562451130763585,1.2640092528893891,14769
all_2005_2026,28,0.4534404181160887,-0.38800048469711373,1.2960579228894362,14769
all_2005_2026,29,0.5017589222339722,-0.38688348914799425,1.3746594574961073,14769
all_2005_2026,30,0.5199838415654081,-0.37304996809549046,1.4196730675639047,14769
all_2005_2026,31,0.5484218609179794,-0.3471113516137028,1.4750135067689145,14769
all_2005_2026,32,0.6007216984376516,-0.307113974635276,1.5448056663282168,14769
all_2005_2026,33,0.6243172794134622,-0.30158566753195926,1.573815288281574,14769
all_2005_2026,34,0.6805940932929857,-0.24704774519436504,1.6268853162266699,14769
all_2005_2026,35,0.6989197985087453,-0.22134963459174403,1.646676512885227,14769
all_2005_2026,36,0.7049048894563403,-0.2491112023913764,1.6783610997012328,14769
all_2005_2026,37,0.6998244830131249,-0.2807153076259033,1.710448825882946,14769
all_2005_2026,38,0.6967350561021513,-0.3077217895390023,1.7267277889600061,14769
all_2005_2026,39,0.7236929984419067,-0.2898495971388782,1.7645832227600455,14769
all_2005_2026,40,0.7329668906626329,-0.30059481447265135,1.7913508386913124,14769
all_2005_2026,41,0.7093111982863112,-0.34686362505572416,1.7739761964116059,14769
all_2005_2026,42,0.6804685196570995,-0.40510043019569575,1.7543721231481173,14769
all_2005_2026,43,0.6244137778567421,-0.4700659394416355,1.743612991412109,14769
all_2005_2026,44,0.6152146004107328,-0.5424065605790925,1.7442349465410862,14769
all_2005_2026,45,0.6065746483984813,-0.5577655963092704,1.7743661226899712,14769
all_2005_2026,46,0.6194327801316578,-0.5677203307404532,1.7782437127764104,14769
all_2005_2026,47,0.6428004477478334,-0.5600825122382935,1.8118027941560575,14769
all_2005_2026,48,0.5796205893254159,-0.6559409646999864,1.8085364860672728,14769
all_2005_2026,49,0.5258096697170919,-0.744231377328845,1.7685221128091295,14769
all_2005_2026,50,0.4942615130830646,-0.7991251407266445,1.7475198996123968,14769
all_2005_2026,51,0.48406599664880484,-0.8155438870272114,1.7623571780167528,14769
all_2005_2026,52,0.4607306776805049,-0.8691079818072807,1.7479104845959068,14769
all_2005_2026,53,0.4104615165655869,-0.9173993106501783,1.721301606526884,14769
all_2005_2026,54,0.4127757908771546,-0.9205730405478171,1.7509895306546948,14769
all_2005_2026,55,0.409464355885169,-0.9167858638792739,1.729422116406658,14769
all_2005_2026,56,0.4294217897357603,-0.9040513353951606,1.7539460003400196,14769
all_2005_2026,57,0.4137135779559086,-0.9435370480015146,1.7697746575061846,14769
all_2005_2026,58,0.408638644097312,-0.9488983517548791,1.7743136871337204,14769
all_2005_2026,59,0.40981760250324467,-0.9450217008256003,1.782954561604779,14769
all_2005_2026,60,0.3946525299183075,-0.9916424420661399,1.7630723341615857,14769
selection_2005_2014,1,0.2308732244053824,0.10117661195048269,0.3594630322765086,4803
selection_2005_2014,2,0.3157712578065166,0.14875867242977334,0.4853367782567385,4803
selection_2005_2014,3,0.2846851506679794,0.08843596447046555,0.4855162214118608,4803
selection_2005_2014,4,0.3251691432768914,0.08070347899602703,0.5755083919617978,4803
selection_2005_2014,5,0.3267501482098003,0.0459789438458175,0.6119562223069289,4803
selection_2005_2014,6,0.30788610860083027,0.004222989352456489,0.621206131555725,4803
selection_2005_2014,7,0.35987695718115353,0.02962062919953561,0.693541108657095,4803
selection_2005_2014,8,0.3962455462440745,0.027914852560655633,0.7677305228127685,4803
selection_2005_2014,9,0.3571397661095451,-0.06156460109329337,0.7682749181867514,4803
selection_2005_2014,10,0.2884889388484834,-0.16534837809974867,0.7349337450179777,4803
selection_2005_2014,11,0.2776978976744702,-0.2182936097491984,0.7692230822677922,4803
selection_2005_2014,12,0.2868404109660901,-0.22789416143411684,0.8029097670454937,4803
selection_2005_2014,13,0.3661944922589275,-0.18276647872966947,0.9015521759593916,4803
selection_2005_2014,14,0.40084777054129417,-0.173805714254583,0.9632236479383611,4803
selection_2005_2014,15,0.3807508081806709,-0.24855443121518506,0.9796907708278523,4803
selection_2005_2014,16,0.42046638499966965,-0.2099567996085295,1.0149023908173151,4803
selection_2005_2014,17,0.5161642528280266,-0.0750712513054492,1.0959658652454047,4803
selection_2005_2014,18,0.5653879507587743,-0.011584963307167457,1.149595511041057,4803
selection_2005_2014,19,0.6017045755366189,0.010551935139103982,1.192476860186543,4803
selection_2005_2014,20,0.6632643984746082,0.09792179462621414,1.2502024249601909,4803
selection_2005_2014,21,0.6812919801998266,0.0773240782143689,1.2925976097474998,4803
selection_2005_2014,22,0.7556059448356857,0.16995133038168214,1.385867388963887,4803
selection_2005_2014,23,0.8476768540698506,0.2474567402605352,1.4932595169862315,4803
selection_2005_2014,24,0.8812678736604928,0.27483856838547693,1.5463577186754034,4803
selection_2005_2014,25,0.844242676480849,0.23316263249010521,1.5085801478656036,4803
selection_2005_2014,26,0.8889599805466888,0.2752578077278143,1.5456290853430144,4803
selection_2005_2014,27,0.951852024360191,0.3352884112777414,1.605825173034186,4803
selection_2005_2014,28,0.9410235233120776,0.3401733248612461,1.5897026076885974,4803
selection_2005_2014,29,1.1236963347335358,0.49411419682682967,1.7816324369036827,4803
selection_2005_2014,30,1.185462941911623,0.5379459604735412,1.864437754367642,4803
selection_2005_2014,31,1.261696368842656,0.5991511899994773,1.9311114036003156,4803
selection_2005_2014,32,1.3458080495376743,0.6667425868211039,2.0593059971259624,4803
selection_2005_2014,33,1.3484384742290456,0.6302816677624625,2.1024792804883696,4803
selection_2005_2014,34,1.4423919767970144,0.712628422110773,2.2173103888288765,4803
selection_2005_2014,35,1.5265405934219298,0.7603236112775569,2.3320520976863035,4803
selection_2005_2014,36,1.6341674459498765,0.8297645494222995,2.460614617208415,4803
selection_2005_2014,37,1.6188923496011742,0.7990512115101677,2.467969526373915,4803
selection_2005_2014,38,1.6723735347005102,0.8371615304516159,2.5365325479772713,4803
selection_2005_2014,39,1.7125436375094294,0.8500929671928068,2.6108310383639517,4803
selection_2005_2014,40,1.764617558433124,0.8757579616975943,2.6819093493421873,4803
selection_2005_2014,41,1.7612152172174018,0.8536551694252862,2.7205034092264246,4803
selection_2005_2014,42,1.7754284461366194,0.8614289888418445,2.754600292394635,4803
selection_2005_2014,43,1.755328978910501,0.7927667209756261,2.7973729310417044,4803
selection_2005_2014,44,1.787199408088104,0.789416737803586,2.8613604285671674,4803
selection_2005_2014,45,1.7222316018383872,0.6775964646012764,2.8077300149974804,4803
selection_2005_2014,46,1.6947842398024164,0.623169991743557,2.828805077708995,4803
selection_2005_2014,47,1.7069620138867494,0.5884802946868891,2.874564356446118,4803
selection_2005_2014,48,1.610437319965716,0.45871730182022763,2.795013482248987,4803
selection_2005_2014,49,1.5585050109269125,0.421832130032592,2.7233886419612454,4803
selection_2005_2014,50,1.5210496216986535,0.3660675435346294,2.7222559160043125,4803
selection_2005_2014,51,1.615711219398452,0.39173152679199,2.8324731482163434,4803
selection_2005_2014,52,1.6260846028947662,0.36410257157695886,2.85034907905149,4803
selection_2005_2014,53,1.5325328628182209,0.28127864688193355,2.7843441037506693,4803
selection_2005_2014,54,1.5398492170834586,0.2777650185141858,2.7999543112448695,4803
selection_2005_2014,55,1.5510738112437015,0.24703256273079002,2.838014403855603,4803
selection_2005_2014,56,1.5575094678926227,0.24001790748371357,2.8613104387308264,4803
selection_2005_2014,57,1.5425535729806021,0.20154661751230885,2.862298270087924,4803
selection_2005_2014,58,1.5344338668113835,0.1406001588707787,2.886207769880052,4803
selection_2005_2014,59,1.4731280137071412,0.028743531503875604,2.8506150367839584,4803
selection_2005_2014,60,1.4575352800814505,0.019945348078690306,2.834235340871028,4803
holdout_2015_2026,1,0.07729905061471257,-0.06900247303589337,0.2239132216203503,9966
holdout_2015_2026,2,0.06886395585847375,-0.13270050584550414,0.279718289168879,9966
holdout_2015_2026,3,0.08681162345097497,-0.16104354091673048,0.3443536776198948,9966
holdout_2015_2026,4,-0.010937488968752922,-0.27433591657222217,0.2571550938753595,9966
holdout_2015_2026,5,-0.04933301374803142,-0.34608569910244297,0.2581588088852857,9966
holdout_2015_2026,6,-0.07673615138862801,-0.3996880066001737,0.26250027193036674,9966
holdout_2015_2026,7,-0.02914835733046868,-0.40821346771947076,0.3492742094620571,9966
holdout_2015_2026,8,-0.017708743962021902,-0.4407952929511134,0.3989055613949983,9966
holdout_2015_2026,9,-0.08638683188728224,-0.5394291256873304,0.3587229578614166,9966
holdout_2015_2026,10,-0.11953175115354321,-0.6060099547861313,0.36578670112570394,9966
holdout_2015_2026,11,-0.08762509653071435,-0.634473106325778,0.4413715827730277,9966
holdout_2015_2026,12,-0.011464988406760223,-0.5811615153063214,0.5535624545484911,9966
holdout_2015_2026,13,0.047049799777539564,-0.5909643277112966,0.6665252013374451,9966
holdout_2015_2026,14,0.03408205616800054,-0.6587490311721794,0.710437971981796,9966
holdout_2015_2026,15,0.08462636263495935,-0.6455484219053645,0.7809937528003,9966
holdout_2015_2026,16,0.1160399910000323,-0.639908727934714,0.8573076106587638,9966
holdout_2015_2026,17,0.13381689721452275,-0.6481702429230259,0.9177279222100883,9966
holdout_2015_2026,18,0.15392606323813618,-0.6843003717384031,0.9711416599083595,9966
holdout_2015_2026,19,0.19233861967344232,-0.6798963402561687,1.0583939396520115,9966
holdout_2015_2026,20,0.19766870316102247,-0.7047659046416888,1.1245224409870425,9966
holdout_2015_2026,21,0.17012339335454393,-0.7502793710081715,1.1222007480690492,9966
holdout_2015_2026,22,0.25478168160675135,-0.6910179958420428,1.2375902038448379,9966
holdout_2015_2026,23,0.31429081259966485,-0.6497986855478652,1.3207362906992752,9966
holdout_2015_2026,24,0.2502790036141085,-0.7514174491992376,1.2893399020443308,9966
holdout_2015_2026,25,0.1998259785815449,-0.8652594815200372,1.3044822360141384,9966
holdout_2015_2026,26,0.21680968082714566,-0.8810923000182235,1.3665302045515808,9966
holdout_2015_2026,27,0.20750253588044326,-0.917016957642299,1.3825654208256577,9966
holdout_2015_2026,28,0.21845530330008087,-0.9413516014926543,1.4480271639932254,9966
holdout_2015_2026,29,0.202023281833069,-1.0014385759771356,1.467253360132868,9966
holdout_2015_2026,30,0.199263781464779,-1.0392947798850465,1.5122314025652532,9966
holdout_2015_2026,31,0.20466734942267312,-1.0397705148977072,1.5474149238862198,9966
holdout_2015_2026,32,0.241635832058622,-1.024540998216238,1.586119849815865,9966
holdout_2015_2026,33,0.275335330918655,-0.9878758807433456,1.6393899569181576,9966
holdout_2015_2026,34,0.31345429453020734,-0.9767349443181755,1.6751680525435717,9966
holdout_2015_2026,35,0.3000573985520902,-0.9953746300588238,1.680864053475036,9966
holdout_2015_2026,36,0.25705740211553607,-1.080251502908857,1.6506058810789734,9966
holdout_2015_2026,37,0.25689021016319513,-1.1130493642175154,1.6534339609798308,9966
holdout_2015_2026,38,0.22653722219607852,-1.1618429523550942,1.6578193355007125,9966
holdout_2015_2026,39,0.24712771453248364,-1.1807102021675833,1.7279040105552927,9966
holdout_2015_2026,40,0.23577462121634882,-1.201580798498979,1.7427109311899176,9966
holdout_2015_2026,41,0.20235805731440362,-1.2650876690642505,1.754717039879585,9966
holdout_2015_2026,42,0.15276507525802907,-1.3401759310242112,1.7093274453575884,9966
holdout_2015_2026,43,0.0793820990827905,-1.4289980813867826,1.6572723801390699,9966
holdout_2015_2026,44,0.05038989327904365,-1.514681911815039,1.6656335960161455,9966
holdout_2015_2026,45,0.06889650798388487,-1.509826420855879,1.724581782709812,9966
holdout_2015_2026,46,0.10117941260219228,-1.5001156511994984,1.7841309996575987,9966
holdout_2015_2026,47,0.1299399217428951,-1.4898561237888437,1.8430061471285615,9966
holdout_2015_2026,48,0.08283022636481387,-1.5602267754398773,1.8129922636398301,9966
holdout_2015_2026,49,0.028113931825182552,-1.6689322723748332,1.7901350556685125,9966
holdout_2015_2026,50,-0.0005873014544302778,-1.7310219099563533,1.7970954630950626,9966
holdout_2015_2026,51,-0.06131750775281613,-1.8204213009358667,1.7539669421322055,9966
holdout_2015_2026,52,-0.10089835129843319,-1.878103389920609,1.7521591076171774,9966
holdout_2015_2026,53,-0.13030796728464406,-1.903566951228703,1.7287477868165864,9966
holdout_2015_2026,54,-0.13040438833906837,-1.9073527283847271,1.7424350664233856,9966
holdout_2015_2026,55,-0.14072129674246805,-1.8818223702038612,1.7160675769122447,9966
holdout_2015_2026,56,-0.11424719663664694,-1.8742431179841417,1.773856482821604,9966
holdout_2015_2026,57,-0.13031797894792493,-1.9172471651571783,1.7842671474305354,9966
holdout_2015_2026,58,-0.13392551952858472,-1.9352223003207694,1.7787165810732852,9966
holdout_2015_2026,59,-0.10263271909140863,-1.909879099422052,1.8255587507064415,9966
holdout_2015_2026,60,-0.11759168531684974,-1.9623160195558278,1.8406948219466635,9966
