label,n_events,share_entered_B,median_k,CAR_A,CAR_A_lo,CAR_A_hi,CAR_B,CAR_B_lo,CAR_B_hi,B_minus_A,B_minus_A_lo,B_minus_A_hi,C_minus_A,C_minus_A_lo,C_minus_A_hi,D1_minus_A,D1_minus_A_lo,D1_minus_A_hi,D2_minus_A,D2_minus_A_lo,D2_minus_A_hi,D3_minus_A,D3_minus_A_lo,D3_minus_A_hi,perday_post,perday_post_lo,perday_post_hi,perday_A,perday_A_lo,perday_A_hi,PRIMARY_post_minus_matched,PRIMARY_lo,PRIMARY_hi,matched_control_perday,W,H,m_fixed
selection_2005_2014,4803,0.49760566312721216,1.0,0.005346804232138856,-0.0007466063298853854,0.011692923300403987,0.0008396991662806179,-0.0023225566785498564,0.0042284323142380035,-0.004507105065858237,-0.008264904986096559,-0.0007263078894477722,-0.0011324634259651074,-0.002451176494560635,0.00014866402330154156,-0.0024801501625525135,-0.005231415538192754,0.00023315656612597828,-0.005222836836787084,-0.010072293984350559,-0.000412188218250787,-0.005042141827089729,-0.009245923152903103,-0.0006232201373251658,8.308976856096849e-05,-0.00026694396996075745,0.00045528768285972175,0.0002673402116069428,-3.733031649426927e-05,0.0005846461650201993,-9.51823584264959e-05,-0.00043408245661337474,0.0002741185189957355,0.00017827212698746434,5,20,1
holdout_2015_2026,9966,0.5151515151515151,1.0,0.001779471167733106,-0.006846860372090557,0.010582188176745588,0.00031716847314991676,-0.0034550515665443928,0.004225191276178744,-0.0014623026945831902,-0.006898894424882951,0.004023445332394857,0.0002549673325053948,-0.0015555840126126879,0.001934301455181763,-0.0005546236637906504,-0.004509055605664648,0.003421410959127122,-0.0013274712073099676,-0.007720367869439475,0.0052461872946600215,-0.0013465245176598208,-0.007432020037292905,0.004839228594632461,3.8728059545372816e-05,-0.00036293111658751805,0.0004478694429095874,8.897355838665532e-05,-0.00034234301860452786,0.0005291094088372795,-0.00012059647900338792,-0.0005375272099533325,0.00028828211397407817,0.00015932453854876078,5,20,1
selection_2005_2014,4803,0.49760566312721216,1.0,0.014259629106683174,0.005658628493092489,0.023468995424159162,0.004703101906917266,0.00028290840195180735,0.009348677659641697,-0.009556527199765906,-0.015119501073182417,-0.004289538653882167,-0.001133041275213983,-0.00250672106685666,0.000173668105932244,-0.004766578065894927,-0.008202902789392764,-0.0014116510284347993,-0.012187117669957701,-0.019371898858189792,-0.005289137984577667,-0.011377732840454033,-0.017312148668411045,-0.005509427387848633,0.00024269595856619356,9.755860267485547e-06,0.00048310162897120373,0.00035649072766707937,0.00014146571232731225,0.0005867248856039791,-9.156698791837998e-06,-0.0002566693053062478,0.00024567194076617274,0.0002518526573580316,5,40,1
holdout_2015_2026,9966,0.5151515151515151,1.0,0.0012290980860752226,-0.012926742340962066,0.015492887110560667,0.0008008942399673922,-0.00623923786625124,0.008043688718158602,-0.00042820384610782935,-0.008111437521119091,0.007395856338009986,0.0002682759710192384,-0.00151689189692969,0.0020019816421629213,0.0004042822534325301,-0.00476213260226639,0.005680608860966054,-0.00020634389660982398,-0.00965100563931072,0.009353743874879555,-0.0007232944678656311,-0.009199417015293934,0.008084942065111051,4.418236670962543e-05,-0.0003143773164352813,0.0004122995540664972,3.072745215188053e-05,-0.0003231685585240517,0.00038732217776401667,-0.00018892613993681318,-0.0005533518519643732,0.00018155445737870338,0.00023310850664643858,5,40,1
selection_2005_2014,4803,0.49760566312721216,1.0,0.009896746779118476,-0.003602659803669749,0.024050421882768437,0.002916735692382582,-0.0037777888455143554,0.009610297425263772,-0.006980011086735894,-0.015284260369747527,0.0006619553892548334,-0.0011109503314206393,-0.002473697590595872,0.00017935436097649414,-0.0035974038706415423,-0.008730870033446464,0.0014516448361207154,-0.008471948154281334,-0.01938134711433734,0.0019930564808213177,-0.009511546358189496,-0.018124694712058697,-0.0007961834060333912,9.871885093307223e-05,-0.00013551280435564406,0.00032690621354487657,0.0001649457796519746,-6.004433006116247e-05,0.0004008403647128074,-1.482422888702624e-06,-0.00024733248789862396,0.00023919664597118367,0.00010020127382177481,5,60,1
holdout_2015_2026,9966,0.5151515151515151,1.0,-0.0015999487366228908,-0.01930967404373176,0.017294892041207505,0.00029032994438044546,-0.009194540683240798,0.010402312742480227,0.0018902786810033381,-0.007617156230996098,0.01112212804506132,0.00037236462485599965,-0.0014524949874496383,0.002158207189892629,0.002006907300268611,-0.003980461363022538,0.007863103975077277,0.0030370269159444474,-0.008972245173550197,0.014578782147380016,0.0025095149611874482,-0.008131844157891942,0.01286806876193707,1.2870958113503471e-05,-0.0003023374290862135,0.0003501672890390821,-2.666581227704818e-05,-0.0003218279007288627,0.00028824820068679185,-7.64344407923676e-05,-0.00039537893107098685,0.00025856867431120836,8.930539890587109e-05,5,60,1
selection_2005_2014,4803,0.603372891942536,2.0,0.005346804232138856,-0.0007466063298853854,0.011692923300403987,0.0009539995384268156,-0.0024708193449852855,0.004536555042348925,-0.00439280469371204,-0.007860340077901566,-0.0009359928145529566,-0.0025115173167527265,-0.004294043682120488,-0.000852533040782151,-0.002350959755618751,-0.004788737693047298,9.392111322669188e-05,-0.005277909964433958,-0.009729547038966615,-0.0007495620138860215,-0.0050381369060535156,-0.008926803832677131,-0.0010217247405228452,8.384707500680225e-05,-0.0002438419858048068,0.0004176594696786881,0.0002673402116069428,-3.733031649426927e-05,0.0005846461650201993,-0.00011043521554377964,-0.00042536909336399545,0.00021443030837332022,0.0001942822905505819,10,20,2
holdout_2015_2026,9966,0.6096728878185832,2.0,0.001779471167733106,-0.006846860372090557,0.010582188176745588,0.0004668591224211112,-0.0036282085232748483,0.004706795453958515,-0.0013126120453119954,-0.0064535341434627845,0.004077528497065957,-0.00013086977214619855,-0.0022929801779213482,0.001967707871005802,-0.0004038504572919815,-0.004133390067727113,0.0034517700556605255,-0.0017712265584540108,-0.008049532652968922,0.004637355004843848,-0.0015212135162887335,-0.007117586171729088,0.0041245273760795315,4.469169914036027e-05,-0.0003434399123181641,0.0004283106491960551,8.897355838665532e-05,-0.00034234301860452786,0.0005291094088372795,-0.00011944063697580687,-0.000510509394625717,0.00026501607563700705,0.0001641323361161671,10,20,2
selection_2005_2014,4803,0.603372891942536,2.0,0.014259629106683174,0.005658628493092489,0.023468995424159162,0.005099551609583272,0.0001060346914537491,0.010422655245206379,-0.009160077497099902,-0.014075934970134554,-0.004566048195186252,-0.00238700553437412,-0.004174686943019266,-0.0006811483691849255,-0.004564010483553616,-0.0074293379627042005,-0.0017165849649130058,-0.011349737976017526,-0.01775670995032182,-0.0053069435623507135,-0.010625826039123836,-0.01550493270118551,-0.005728089824651632,0.00022057928324138406,-4.592909295297898e-06,0.00045456694975505493,0.00035649072766707937,0.00014146571232731225,0.0005867248856039791,-3.220821957496361e-05,-0.00026810291139336875,0.00021048609593305405,0.00025278750281634767,10,40,2
holdout_2015_2026,9966,0.6096728878185832,2.0,0.0012290980860752226,-0.012926742340962066,0.015492887110560667,0.0006235948264718225,-0.007115144910969929,0.008654854927043206,-0.0006055032596033993,-0.007700995432229203,0.006738352554599436,-0.00024354668912201892,-0.0023941212069202938,0.0018629311772538684,2.2330084585583493e-05,-0.0049092105636626355,0.004918793116748869,-0.0014108309512054524,-0.0103828482231065,0.0076936984669731,-0.001258373556364869,-0.009007104844632075,0.006753985754657056,2.8050863569278973e-05,-0.000310663949696953,0.0003737784510935213,3.072745215188053e-05,-0.0003231685585240517,0.00038732217776401667,-0.00020315942568891216,-0.0005497899570593225,0.0001508109262427997,0.00023121028925819108,10,40,2
selection_2005_2014,4803,0.603372891942536,2.0,0.009896746779118476,-0.003602659803669749,0.024050421882768437,0.0025409981859317397,-0.005758160800537863,0.010774598926597824,-0.0073557485931867355,-0.014160656835059203,-0.0011980415472402507,-0.0022541858827184727,-0.004015532672448347,-0.0005705750896158679,-0.003876274743090113,-0.008032099863692226,-7.201527512223238e-05,-0.00830382984045488,-0.0180633439876842,0.0009004099215694424,-0.010051894013074882,-0.016947208496711233,-0.0032314967428247574,7.016242598491589e-05,-0.00017416644688082112,0.0003067247683056658,0.0001649457796519746,-6.004433006116247e-05,0.0004008403647128074,-2.314645966724097e-05,-0.0002816605010437858,0.00022997599944600983,9.330888565215685e-05,10,60,2
holdout_2015_2026,9966,0.6096728878185832,2.0,-0.0015999487366228908,-0.01930967404373176,0.017294892041207505,-0.0006436042321774942,-0.011037450919579384,0.010717991269034785,0.000956344504445396,-0.007743768153565815,0.009335934599099042,-0.00032537548834539286,-0.0024591388517499237,0.0017850550921223235,0.0015274534285160705,-0.003924142439416242,0.006849949134287719,0.001178927160894156,-0.009927078970397768,0.01174367082063572,0.002252762405616153,-0.007228526567751053,0.01147158972863974,-1.767118318427363e-05,-0.0003159977636943799,0.00030491145974054484,-2.666581227704818e-05,-0.0003218279007288627,0.00028824820068679185,-0.00010368408580492379,-0.00040519169644849415,0.00022213211335081888,8.601290262065011e-05,10,60,2
selection_2005_2014,4803,0.6637518217780554,2.0,0.005346804232138856,-0.0007466063298853854,0.011692923300403987,0.0011188856930295945,-0.0024812864545638524,0.004932428438706236,-0.0042279185391092605,-0.007566274262361959,-0.0009163942457810275,-0.0025115173167527265,-0.004294043682120488,-0.000852533040782151,-0.002296184897870986,-0.004819207226637237,0.0001539633176979788,-0.005486054525531213,-0.00991578691539614,-0.0009669795448142975,-0.005053656428581263,-0.008839030915671882,-0.0011033972279808457,0.00010126709055687406,-0.00024404143370079835,0.00044959494812683593,0.0002673402116069428,-3.733031649426927e-05,0.0005846461650201993,-0.0001054236800547905,-0.00043837634334108156,0.00023045048678214881,0.0002066907706116645,15,20,2
holdout_2015_2026,9966,0.6596427854706001,2.0,0.001779471167733106,-0.006846860372090557,0.010582188176745588,0.0009580208794112916,-0.003515751445127642,0.0055359116592902146,-0.0008214502883218148,-0.005664599275771843,0.004246987386068764,-0.00013086977214619855,-0.0022929801779213482,0.001967707871005802,-2.2138000901240403e-06,-0.0034778113315675698,0.003598590810911311,-0.0014477865955886422,-0.00731775097195083,0.004636280136134637,-0.000740147873837168,-0.005994003821864937,0.004604736365247536,0.00013905544672986994,-0.0003068958221123117,0.0005842119422896268,8.897355838665532e-05,-0.00034234301860452786,0.0005291094088372795,-3.7809915563213904e-05,-0.0004888680082394772,0.0004086709483224137,0.00017686536229308383,15,20,2
selection_2005_2014,4803,0.6637518217780554,2.0,0.014259629106683174,0.005658628493092489,0.023468995424159162,0.006159412571907506,0.0008031569711233243,0.0120435004884594,-0.008100216534775667,-0.012351304486711318,-0.003910716746377718,-0.00238700553437412,-0.004174686943019266,-0.0006811483691849255,-0.004403555163376857,-0.007344045009754151,-0.0015802449690800109,-0.010673939366062143,-0.016369140194911362,-0.005041069024746754,-0.009880261798828383,-0.014684687836578338,-0.005061626417327779,0.0002567155354146608,3.040909292172152e-05,0.0004968967872292627,0.00035649072766707937,0.00014146571232731225,0.0005867248856039791,-3.6879687169827155e-06,-0.00024094372623136183,0.00024761943209597546,0.0002604035041316435,15,40,2
holdout_2015_2026,9966,0.6596427854706001,2.0,0.0012290980860752226,-0.012926742340962066,0.015492887110560667,0.001486829199954035,-0.006958733950914943,0.010133679207518736,0.00025773111387881456,-0.00634482253847195,0.007202020693254855,-0.00024354668912201892,-0.0023941212069202938,0.0018629311772538684,0.0006347996810937051,-0.003979758851859256,0.005253722141862026,-0.0009208926310031488,-0.009307074373531043,0.007512033867846582,-0.0005007339847868127,-0.0076975965425707974,0.006911557197374179,7.312315571312498e-05,-0.00027744966105236344,0.0004294430274479837,3.072745215188053e-05,-0.0003231685585240517,0.00038732217776401667,-0.00016181934197528208,-0.0005167309963755998,0.00019816965128852752,0.00023494249768840712,15,40,2
selection_2005_2014,4803,0.6637518217780554,2.0,0.009896746779118476,-0.003602659803669749,0.024050421882768437,0.0030260788945393794,-0.005893177585170474,0.012083342473700149,-0.006870667884579095,-0.012611221563086597,-0.0014374919662224794,-0.0022541858827184727,-0.004015532672448347,-0.0005705750896158679,-0.0035931440921209003,-0.00736321604192143,-5.3134703185030776e-05,-0.008133344096670294,-0.01641942189346572,-0.0003099725551007717,-0.009466922443238069,-0.015971254099719688,-0.0030081386873350396,7.830445123441e-05,-0.0001641722080184315,0.00032204786518562524,0.0001649457796519746,-6.004433006116247e-05,0.0004008403647128074,-1.4144716934140856e-05,-0.00027134900422283193,0.00024600748127497963,9.244916816855087e-05,15,60,2
holdout_2015_2026,9966,0.6596427854706001,2.0,-0.0015999487366228908,-0.01930967404373176,0.017294892041207505,0.0006550045495065888,-0.010516431647516072,0.012510755689299635,0.00225495328612948,-0.00562167451786817,0.010095961198365987,-0.00032537548834539286,-0.0024591388517499237,0.0017850550921223235,0.0017262209002375315,-0.003239393845665409,0.006703307657860006,0.0017403344269162646,-0.008558732642017942,0.011465148912335977,0.002950468529012783,-0.005532367132807597,0.01137912063233004,2.553164518209698e-05,-0.00027543285164564137,0.000340008076369171,-2.666581227704818e-05,-0.0003218279007288627,0.00028824820068679185,-5.939013987259444e-05,-0.0003686377109785861,0.0002534543341466048,8.492178505469148e-05,15,60,2
selection_2005_2014,4803,0.6985217572350614,2.0,0.005346804232138856,-0.0007466063298853854,0.011692923300403987,0.0011423698780432161,-0.0024980000963552218,0.004960624344427393,-0.00420443435409564,-0.007503330813716811,-0.0009191229752581713,-0.0025115173167527265,-0.004294043682120488,-0.000852533040782151,-0.0022897175079085283,-0.004775615696886483,0.00013116808672195186,-0.0055191400791414595,-0.009882638909495488,-0.001073856415293861,-0.005017613483711464,-0.008759005236622566,-0.0011151146935042039,9.739131878251741e-05,-0.00025633801345093757,0.0004633324985217464,0.0002673402116069428,-3.733031649426927e-05,0.0005846461650201993,-0.00012664287403774918,-0.000469435523077826,0.00022802626109878201,0.00022403419282026658,20,20,2
holdout_2015_2026,9966,0.6929560505719446,2.0,0.001779471167733106,-0.006846860372090557,0.010582188176745588,0.0007775498832200562,-0.0037793502414882186,0.005407710599823718,-0.0010019212845130514,-0.005799690987072259,0.00397767584190596,-0.00013086977214619855,-0.0022929801779213482,0.001967707871005802,-0.00011926199870439077,-0.003580656187663247,0.0034330540927028606,-0.0016012898301527583,-0.007488192518286747,0.0044916518765525755,-0.0008506180620461357,-0.006122151970674566,0.0044545867640377376,7.438078785373152e-05,-0.0004367174039936163,0.0005982107408285777,8.897355838665532e-05,-0.00034234301860452786,0.0005291094088372795,-0.00010936490956920117,-0.0006214500960998216,0.0004171258569293444,0.00018374569742293266,20,20,2
selection_2005_2014,4803,0.7056006662502603,2.0,0.014259629106683174,0.005658628493092489,0.023468995424159162,0.006460645527546171,0.0009114318954991237,0.012527708859588265,-0.007798983579137003,-0.011937919016761977,-0.0037377148266779276,-0.00238700553437412,-0.004174686943019266,-0.0006811483691849255,-0.0042822348884620325,-0.0072081836994634645,-0.001557931370994641,-0.010296794566483572,-0.015636422211868683,-0.004971892615769078,-0.009772028701575916,-0.014452852233187286,-0.005111739278492288,0.0002606517190539209,4.011346997040879e-05,0.0004989773572521707,0.00035649072766707937,0.00014146571232731225,0.0005867248856039791,-1.2486570304862224e-05,-0.0002495377675070421,0.00023578780145220926,0.0002731382893587831,20,40,2
holdout_2015_2026,9966,0.7005819787276741,2.0,0.0012290980860752226,-0.012926742340962066,0.015492887110560667,0.0009772912982638601,-0.007638297630302301,0.009824919771399446,-0.0002518067878113604,-0.006776169379505498,0.006430084543862992,-0.00024354668912201892,-0.0023941212069202938,0.0018629311772538684,0.00030933554969169753,-0.004144168696451453,0.004767305485024718,-0.0008222539126010316,-0.008933794848786087,0.007517706030959242,-0.0010815654619886132,-0.008185260366468251,0.006227511151580202,3.4933580149094854e-05,-0.00031181034666163536,0.0003852001856197011,3.072745215188053e-05,-0.0003231685585240517,0.00038732217776401667,-0.00020485431266047585,-0.0005575770519567858,0.00015040092378719986,0.00023978789280957073,20,40,2
selection_2005_2014,4803,0.7056006662502603,2.0,0.009896746779118476,-0.003602659803669749,0.024050421882768437,0.003139900813523903,-0.0061350196778494235,0.01266853012765904,-0.006756845965594572,-0.012194907644549557,-0.001714760978310684,-0.0022541858827184727,-0.004015532672448347,-0.0005705750896158679,-0.003876447989261498,-0.007421580726682109,-0.0006892397832180015,-0.00843609721542731,-0.016261168040623823,-0.0009736925544438199,-0.009680540622933668,-0.01589891706600532,-0.0036626989016374013,7.72392556123826e-05,-0.00016002111110917402,0.00031824933596741556,0.0001649457796519746,-6.004433006116247e-05,0.0004008403647128074,-1.9152635506966582e-05,-0.0002723366084850048,0.000237000573247116,9.639189111934917e-05,20,60,2
holdout_2015_2026,9966,0.7005819787276741,2.0,-0.0015999487366228908,-0.01930967404373176,0.017294892041207505,8.267336938234254e-05,-0.011541614563843512,0.012423392866823478,0.0016826221060052345,-0.00580932212461752,0.009111768040390827,-0.00032537548834539286,-0.0024591388517499237,0.0017850550921223235,0.0009981805721994235,-0.003851821049400691,0.00588110644295635,0.0016033001002059503,-0.007946674617508143,0.010834132979532424,0.0020426850114449078,-0.006247384840458632,0.010404269709964782,4.523431905903153e-06,-0.0002974107226050117,0.0003153213310780609,-2.666581227704818e-05,-0.0003218279007288627,0.00028824820068679185,-8.152148500728993e-05,-0.00039041846906164333,0.00023063032555273582,8.604491691319311e-05,20,60,2
