experiment_id,timestamp_hkt,hypothesis_version,universe,period,data_and_features,rule_or_model,key_parameters,main_result,retained,reason
E00,2026-09-13 02:13,H1 v1 (post minus pre per-day AR on breakout events),as E01,both,as E01,leg decomposition,"W=10,H=40",-2.27%/day: pre leg +2.28%/day is conditioned on the crossing,no,statistic mechanically dominated by selection; replaced by matched-path primary (E01) before the grid was run
E01,2026-09-13 02:13,"H1 v2 (timing, matched-path primary) + secondary B vs A","14,770 top-decile events, US CS, >=$5, >=$1M med $vol, 2005-2026",2005-2014 selection / 2015-2026 hold-out,EDGAR Item 2.02 acceptance time; Massive daily bars unadjusted + splits; SPY excess,A open(1)->close(H); B breakout entry open(k+1); C fixed delay 2; D1-D3 unanchored,"W=10,H=40","B-A -0.34% [-0.87,+0.20]; 2005-14 -0.92% [-1.41,-0.46]; primary (matched-path, corrected 23:20) -0.9 bp/d [-1.5,-0.2]; A 2.9 bp/d NW t=2.5",yes,main specification
E02,2026-09-13 02:15,as E01,as E01,both,as E01,as E01,"grid W {5,10,15,20} x H {20,40,60}","primary within +/-3 bp/d everywhere; B-A<0 in 12/12 selection cells; chosen W=15,H=40 hold-out primary -1.6 bp/d [-5.2,+2.0]",yes,full grid disclosed
E03,2026-09-13 02:13,as E01 (clustering-robust confirmation),as E01,2005-2026 and both halves,"daily equal-weight books of open A and B positions, days with >= 10 positions",calendar-time portfolios; Newey-West lag 40,"W=10,H=40","A 2.9 bp/day (t=2.5), B 1.1 (t=1.6), B-A -1.8 (t=-2.9); 2005-14: A 5.2 (t=3.8), B-A -3.6 (t=-5.0); 2015-26: A 0.8 (t=0.5), B-A -0.3 (t=-0.3)",yes,confirms E01 with a method robust to overlapping windows and season clustering
R00,2026-09-14 22:11,H1: drift concentrated after close > day-0 high,14770 events,2005-2026,EDGAR 2.02 timing; AR0 >= trailing-4Q 90th pct,A open(1)->close(H); B breakout entry; C fixed delay 2; D1-D3 unanchored,"W=10,H=40","B-A -0.0034 [-0.0087,+0.0020]; PRIMARY -0.9bp/d [-1.5,-0.2]; CAR_A +0.0055; entered 0.61",yes,robustness variant reported in full
R01,2026-09-14 22:11,H1: drift concentrated after close > day-0 high,14770 events,2005-2026,cell chosen on 2005-2014 lower CI of the primary statistic,A open(1)->close(H); B breakout entry; C fixed delay 2; D1-D3 unanchored,"W=20,H=60","B-A -0.0011 [-0.0064,+0.0044]; PRIMARY -0.4bp/d [-0.8,+0.1]; CAR_A +0.0021; entered 0.70",yes,robustness variant reported in full
R02,2026-09-14 22:11,H1: drift concentrated after close > day-0 high,14770 events,2005-2026,first_day=2,A open(1)->close(H); B breakout entry; C fixed delay 2; D1-D3 unanchored,"W=10,H=40","B-A -0.0037 [-0.0094,+0.0021]; PRIMARY -0.9bp/d [-1.6,-0.2]; CAR_A +0.0055; entered 0.58",yes,robustness variant reported in full
R03,2026-09-14 22:12,H1: drift concentrated after close > day-0 high,14770 events,2005-2026,B/C/D enter at close(k) instead of open(k+1),A open(1)->close(H); B breakout entry; C fixed delay 2; D1-D3 unanchored,"W=10,H=40","B-A -0.0041 [-0.0093,+0.0013]; PRIMARY -1.2bp/d [-1.8,-0.5]; CAR_A +0.0055; entered 0.61",yes,robustness variant reported in full
R04,2026-09-14 22:12,H1: drift concentrated after close > day-0 high,26611 events,2005-2026,fixed cutoff instead of trailing percentile,A open(1)->close(H); B breakout entry; C fixed delay 2; D1-D3 unanchored,"W=10,H=40","B-A -0.0018 [-0.0065,+0.0029]; PRIMARY -0.7bp/d [-1.2,-0.2]; CAR_A +0.0032; entered 0.61",yes,robustness variant reported in full
R05,2026-09-14 22:12,H1: drift concentrated after close > day-0 high,35517 events,2005-2026,AR0 standardised by trailing 60d std,A open(1)->close(H); B breakout entry; C fixed delay 2; D1-D3 unanchored,"W=10,H=40","B-A -0.0007 [-0.0044,+0.0034]; PRIMARY -0.5bp/d [-0.8,-0.1]; CAR_A +0.0011; entered 0.61",yes,robustness variant reported in full
R06,2026-09-14 22:12,H1: drift concentrated after close > day-0 high,16026 events,2005-2026,adds 09:30-16:00 acceptance times with day 0 = filing date,A open(1)->close(H); B breakout entry; C fixed delay 2; D1-D3 unanchored,"W=10,H=40","B-A -0.0038 [-0.0088,+0.0012]; PRIMARY -0.8bp/d [-1.4,-0.2]; CAR_A +0.0059; entered 0.61",yes,robustness variant reported in full
R07,2026-09-14 22:12,H1: drift concentrated after close > day-0 high,14770 events,2005-2026,"same stocks, no news; anchor = pseudo-day high",A open(1)->close(H); B breakout entry; C fixed delay 2; D1-D3 unanchored,"W=10,H=40","B-A -0.0040 [-0.0091,+0.0010]; PRIMARY -0.4bp/d [-1.2,+0.3]; CAR_A +0.0124; entered 0.67",yes,robustness variant reported in full
R08,2026-09-14 22:12,H1: drift concentrated after close > day-0 high,14771 events,2005-2026,"mirrored rules, returns negated",A open(1)->close(H); B breakout entry; C fixed delay 2; D1-D3 unanchored,"W=10,H=40","B-A -0.0050 [-0.0098,+0.0001]; PRIMARY -1.1bp/d [-1.9,-0.3]; CAR_A +0.0056; entered 0.60",yes,robustness variant reported in full
R09,2026-09-14 22:12,tradability,14769 events,2005-2026,"Corwin-Schultz spread days -25..-6, half-spread + 5bp per side",A and B net of costs,"W=10,H=40","net A -0.0052, net B -0.0045, median spread 0.0082",yes,costs reported separately from the hypothesis test
R10,2026-09-14 22:12,attention moderator (DellaVigna-Pollet),3213 events,2005-2026,day-0 weekday,base rules,"W=10,H=40","B-A -0.0016 [-0.0077,+0.0042]; PRIMARY -2.8bp/d [-4.7,-0.8]; CAR_A -0.0011; entered 0.58",yes,"reported as a curiosity: one of many splits, sign opposite to the attention prediction"
R10b,2026-09-14 22:12,attention moderator (DellaVigna-Pollet),11557 events,2005-2026,day-0 weekday,base rules,"W=10,H=40","B-A -0.0039 [-0.0094,+0.0018]; PRIMARY -0.3bp/d [-1.1,+0.4]; CAR_A +0.0073; entered 0.62",yes,"reported as a curiosity: one of many splits, sign opposite to the attention prediction"
R11,2026-09-14 22:12,where does B's shortfall concentrate?,base events split in thirds,2005-2026,liquidity tercile,base rules,"W=10,H=40","low: B-A -0.0048, entered 0.59; mid: B-A -0.0005, entered 0.59; high: B-A -0.0049, entered 0.64",yes,heterogeneity reported in full
R12,2026-09-14 22:12,where does B's shortfall concentrate?,base events split in thirds,2005-2026,range-placement tercile,base rules,"W=10,H=40","low: B-A -0.0070, entered 0.46; mid: B-A -0.0031, entered 0.64; high: B-A -0.0001, entered 0.72",yes,heterogeneity reported in full
R13,2026-09-14 22:12,H1: drift concentrated after close > day-0 high,21979 events,2005-2026,looser cut-off than the 90th percentile,A open(1)->close(H); B breakout entry; C fixed delay 2; D1-D3 unanchored,"W=10,H=40","B-A -0.0024 [-0.0072,+0.0026]; PRIMARY -0.8bp/d [-1.3,-0.3]; CAR_A +0.0040; entered 0.61",yes,robustness variant reported in full
R14,2026-09-14 22:12,H1: drift concentrated after close > day-0 high,7562 events,2005-2026,stricter cut-off than the 90th percentile,A open(1)->close(H); B breakout entry; C fixed delay 2; D1-D3 unanchored,"W=10,H=40","B-A -0.0054 [-0.0110,+0.0004]; PRIMARY -1.2bp/d [-2.1,-0.4]; CAR_A +0.0075; entered 0.61",yes,robustness variant reported in full
R15,2026-09-14 22:12,H1: drift concentrated after close > day-0 high,12625 events,2005-2026,stricter price filter (subset of base),A open(1)->close(H); B breakout entry; C fixed delay 2; D1-D3 unanchored,"W=10,H=40","B-A -0.0022 [-0.0067,+0.0025]; PRIMARY -0.7bp/d [-1.3,-0.1]; CAR_A +0.0033; entered 0.61",yes,robustness variant reported in full
R16,2026-09-14 22:12,H1: drift concentrated after close > day-0 high,10817 events,2005-2026,stricter liquidity filter (subset of base),A open(1)->close(H); B breakout entry; C fixed delay 2; D1-D3 unanchored,"W=10,H=40","B-A -0.0021 [-0.0073,+0.0033]; PRIMARY -0.8bp/d [-1.5,-0.1]; CAR_A +0.0034; entered 0.61",yes,robustness variant reported in full
R17,2026-09-14 22:12,H1: drift concentrated after close > day-0 high,25777 events,2005-2026,strong = opening gap at least 2 trailing daily std devs (candidate's preferred definition),A open(1)->close(H); B breakout entry; C fixed delay 3; D1-D3 unanchored,"W=10,H=40","B-A -0.0003 [-0.0050,+0.0048]; PRIMARY -0.7bp/d [-1.2,-0.2]; CAR_A +0.0008; entered 0.51",yes,robustness variant reported in full
R18,2026-09-14 22:12,H1: drift concentrated after close > day-0 high,18174 events,2005-2026,strong = opening gap of at least 5%,A open(1)->close(H); B breakout entry; C fixed delay 2; D1-D3 unanchored,"W=10,H=40","B-A -0.0024 [-0.0084,+0.0037]; PRIMARY -1.1bp/d [-1.8,-0.4]; CAR_A +0.0042; entered 0.50",yes,robustness variant reported in full
R19,2026-09-14 22:12,does longer consolidation before the breakout mean more drift after it?,base breakout cases split by breakout day k,2005-2026,k_B,"base rules, W=10, H=40",buckets 1 / 2-3 / 4-6 / 7-10,"k = 1: n=4029, post +1.4 vs matched +1.4 bp/d, diff -0.0 [-1.3,+1.3]; k = 2-3: n=2440, post +0.1 vs matched +1.6 bp/d, diff -1.5 [-3.0,-0.1]; k = 4-6: n=1462, post +2.2 vs matched +2.3 bp/d, diff -0.2 [-2.1,+1.8]; k = 7-10: n=1043, post -0.9 vs matched +2.6 bp/d, diff -3.5 [-6.4,-0.7]",yes,"heterogeneity by consolidation length, reported in full"
R20,2026-09-14 22:12,hold proportional to consolidation length,base breakout cases,2005-2026,k_B,"enter open(k+1), hold 2k days (min 10, max 50), exit close",W=10,"post -0.9 vs matched +1.1 bp/d; diff -2.0 [-3.6,-0.5]; avg hold 11 d",yes,candidate-proposed variant; no improvement over the normal path
R21,2026-09-14 22:12,hold proportional to consolidation length,base breakout cases,2005-2026,k_B,"enter open(k+1), hold 3k days (min 10, max 50), exit close",W=10,"post -1.0 vs matched +1.1 bp/d; diff -2.1 [-3.5,-0.8]; avg hold 12 d",yes,candidate-proposed variant; no improvement over the normal path
